{
	"format_version": "1.10.0",
	"particle_effect": {
		"description": {
			"identifier": "poke:blazooka_flame",
			"basic_render_parameters": {
				"material": "particles_alpha",
				"texture": "textures/particles/PFE_particles"
			}
		},
		"components": {
			"minecraft:emitter_initialization": {
				"creation_expression": "variable.size = 0.08;variable.radius = 0.6;"
			},
			"minecraft:emitter_local_space": {
				"position": true,
				"rotation": true
			},
			"minecraft:emitter_rate_instant": {
				"num_particles": 20
			},
			"minecraft:emitter_lifetime_once": {
				"active_time": 1.5
			},
			"minecraft:emitter_shape_sphere": {
				"radius": 2.25,
				"direction": "outwards"
			},
			"minecraft:particle_lifetime_expression": {
				"max_lifetime": 1
			},
			"minecraft:particle_initial_spin": {
				"rotation": "math.random(-90, 90)"
			},
			"minecraft:particle_initial_speed": 2,
			"minecraft:particle_motion_dynamic": {
				"linear_drag_coefficient": 4,
				"rotation_drag_coefficient": 3
			},
			"minecraft:particle_appearance_billboard": {
				"size": ["variable.size*(1-variable.particle_age)", "variable.size*(1-variable.particle_age)"],
				"facing_camera_mode": "rotate_xyz",
				"uv": {
					"texture_width": 128,
					"texture_height": 128,
					"flipbook": {
						"base_UV": [0, 24],
						"size_UV": [8, 8],
						"step_UV": [8, 0],
						"frames_per_second": 2,
						"max_frame": 1,
						"stretch_to_lifetime": true
					}
				}
			},
			"minecraft:particle_appearance_tinting": {
				"color": {
					"interpolant": "v.particle_age / v.particle_lifetime",
					"gradient": {
						"0.0": "#00DDDDDD",
						"1.0": "#AD646464"
					}
				}
			}
		}
	}
}