{
	"format_version": "1.10.0",
	"particle_effect": {
		"description": {
			"identifier": "dienkon:test2",
			"basic_render_parameters": {
				"material": "particles_alpha",
				"texture": "textures/particles/diamond_sword"
			}
		},
		"components": {
			"minecraft:emitter_rate_steady": {
				"spawn_rate": 20,
				"max_particles": 200
			},
			"minecraft:emitter_lifetime_once": {
				"active_time": 2.2
			},
			"minecraft:emitter_shape_point": {
				"offset": ["1*-math.sin(variable.emitter_age*180)", 2.5, "1*math.cos(variable.emitter_age*180)"]
			},
			"minecraft:particle_lifetime_expression": {
				"max_lifetime": 1
			},
			"minecraft:particle_initial_speed": 0,
			"minecraft:particle_motion_dynamic": {
				"linear_acceleration": [0, -8, 0]
			},
			"minecraft:particle_appearance_billboard": {
				"size": ["variable.particle_random_3 * 0.075", "variable.particle_random_3 * 0.075"],
				"facing_camera_mode": "lookat_xyz",
				"uv": {
					"texture_width": 128,
					"texture_height": 128,
					"uv": ["(math.floor(math.random(0,1) * 16) * 8)-0.1", 112],
					"uv_size": [8, 7.9]
				}
			},
			"minecraft:particle_motion_collision": {
				"collision_radius": 0.1,
				"expire_on_contact": true
			},
			"minecraft:particle_appearance_lighting": {},
			"minecraft:particle_appearance_tinting": {
				"color": [1, 1, 1, 1]
			}
		}
	}
}