{
	"format_version": "1.10.0",
	"particle_effect": {
		"description": {
			"identifier": "poke:end_phantom_trail_particle",
			"basic_render_parameters": {
				"material": "particles_alpha",
				"texture": "textures/particles/PFE_particles"
			}
		},
		"components": {
			"minecraft:emitter_rate_steady": {
				"spawn_rate": 8,
				"max_particles": 50
			},
			"minecraft:emitter_lifetime_expression": {
				"activation_expression": 1
			},
			"minecraft:emitter_shape_point": {
				"direction": ["Math.random(-0.008, 0.008)", "Math.random(-0.008, 0.008)", "Math.random(-0.008, 0.008)"]
			},
			"minecraft:particle_lifetime_expression": {
				"max_lifetime": "Math.Random(5, 1)"
			},
			"minecraft:particle_initial_speed": 1,
			"minecraft:particle_motion_dynamic": {
				"linear_acceleration": [0, -0.8, 0],
				"linear_drag_coefficient": 0.5
			},
			"minecraft:particle_appearance_billboard": {
				"size": ["(0.05 * variable.particle_random_1 + 0.1) * (variable.particle_random_2 * 0.6 + 0.5)", "(0.05 * variable.particle_random_1 + 0.1) * (variable.particle_random_2 * 0.6 + 0.5)"],
				"facing_camera_mode": "lookat_xyz",
				"uv": {
					"texture_width": 128,
					"texture_height": 128,
					"uv": [120, 120],
					"uv_size": [8, 8]
				}
			},
			"minecraft:particle_appearance_lighting": {},
			"minecraft:particle_appearance_tinting": {
				"color": ["variable.particle_random_3 * 0.1 + 0.4", "variable.particle_random_3 * 0.1 + 0.2", "variable.particle_random_3 * 0.1 + 0.5", 1]
			}
		}
	}
}