{
	"format_version": "1.10.0",
	"particle_effect": {
		"description": {
			"identifier": "poke:rat_dance",
			"basic_render_parameters": {
				"material": "particles_alpha",
				"texture": "textures/particles/PFE_particles"
			}
		},
		"components": {
			"minecraft:emitter_rate_instant": {
				"num_particles": 3
			},
			"minecraft:emitter_lifetime_once": {
				"active_time": 1
			},
			"minecraft:emitter_shape_point": {
				"direction": ["Math.random(-0.008, 0.008)", "Math.random(-0.008, 0.008)", "Math.random(-0.008, 0.008)"]
			},
			"minecraft:particle_lifetime_expression": {
				"max_lifetime": "Math.Random(2, 1)"
			},
			"minecraft:particle_initial_speed": 1.5,
			"minecraft:particle_motion_dynamic": {
				"linear_acceleration": [0, -0.8, 0],
				"linear_drag_coefficient": 0.5
			},
			"minecraft:particle_appearance_billboard": {
				"size": ["(0.05 * variable.particle_random_1) * (variable.particle_random_2 * 0.6 + 0.5)", "(0.05 * variable.particle_random_1) * (variable.particle_random_2 * 0.6 + 0.5)"],
				"facing_camera_mode": "lookat_xyz",
				"uv": {
					"texture_width": 128,
					"texture_height": 128,
					"uv": [124, 124],
					"uv_size": [1, 1]
				}
			},
			"minecraft:particle_motion_collision": {
				"coefficient_of_restitution": 0.1,
				"collision_radius": 0.1
			},
			"minecraft:particle_appearance_tinting": {
				"color": ["v.particle_random_1 * 1", "v.particle_random_2 * 1", "v.particle_random_3 * 1", "v.particle_random_4 * 1"]
			}
		}
	}
}