{
	"format_version": "1.10.0",
	"particle_effect": {
		"description": {
			"identifier": "azalea:updraft",
			"basic_render_parameters": {
				"material": "particles_alpha",
				"texture": "textures/particle/particles"
			}
		},
		"components": {
			"minecraft:emitter_rate_steady": {
				"spawn_rate": 15,
				"max_particles": 100
			},
			"minecraft:emitter_lifetime_once": {
				"active_time": 4.8
			},
			"minecraft:emitter_shape_point": {
				"offset": ["math.random(-0.1,0.1)", 0, "math.random(-0.1,0.1)"],
				"direction": [0, -1, 0]
			},
			"minecraft:particle_lifetime_expression": {
				"max_lifetime": 1.3
			},
			"minecraft:particle_initial_speed": -0.3,
			"minecraft:particle_motion_dynamic": {
				"linear_acceleration": [0, -1, 0]
			},
			"minecraft:particle_appearance_billboard": {
				"size": ["variable.particle_random_3 * 0.075 + 0.075", "variable.particle_random_3 * 0.075 + 0.075"],
				"facing_camera_mode": "lookat_xyz",
				"uv": {
					"texture_width": 128,
					"texture_height": 128,
					"flipbook": {
						"base_UV": [64, 89],
						"size_UV": [8, 8],
						"step_UV": [-8, 0],
						"frames_per_second": 8,
						"max_frame": 8,
						"stretch_to_lifetime": true
					}
				}
			},
			"minecraft:particle_appearance_lighting": {},
			"minecraft:particle_appearance_tinting": {
				"color": ["Math.clamp((variable.particle_random_1 * 0.2 + 0.8) * (variable.particle_random_2 * 0.4 + 0.6), 0, 1)", "148/255", 1, 1]
			}
		}
	}
}