{
	"format_version": "1.10.0",
	"particle_effect": {
		"description": {
			"identifier": "poke:zombken_feather",
			"basic_render_parameters": {
				"material": "particles_alpha",
				"texture": "textures/particles/PFE_particles"
			}
		},
		"components": {
			"minecraft:emitter_rate_manual": {
				"max_particles": 1
			},
			"minecraft:emitter_lifetime_once": {
				"active_time": 1
			},
			"minecraft:emitter_shape_sphere": {
				"offset": [0, 0.8, 0],
				"radius": 0.5,
				"surface_only": true,
				"direction": "outwards"
			},
			"minecraft:particle_lifetime_expression": {
				"max_lifetime": 1.5
			},
			"minecraft:particle_initial_spin": {
				"rotation": 90,
				"rotation_rate": 35
			},
			"minecraft:particle_initial_speed": 1.5,
			"minecraft:particle_motion_dynamic": {
				"linear_acceleration": [0, -1, 0],
				"linear_drag_coefficient": 0.8
			},
			"minecraft:particle_appearance_billboard": {
				"size": [0.2, 0.2],
				"facing_camera_mode": "lookat_xyz",
				"uv": {
					"texture_width": 128,
					"texture_height": 128,
					"uv": [66, 99],
					"uv_size": [4, 4]
				}
			},
			"minecraft:particle_motion_collision": {
				"coefficient_of_restitution": 0.3,
				"collision_radius": 0.1
			},
			"minecraft:particle_appearance_lighting": {},
			"minecraft:particle_appearance_tinting": {
				"color": {
					"interpolant": "v.particle_age / v.particle_lifetime",
					"gradient": {
						"0.0": "#FF27B420",
						"1.0": "#FF108E2C"
					}
				}
			}
		}
	}
}