{
  "format_version": "1.20.0",
  "minecraft:entity": {
    "description": {
      "identifier": "dienkon:db_ld",
      "is_summonable": true,
      "is_spawnable": false,
      "is_experimental": false
    },
    "components": {
      "minecraft:type_family": {
        "family": ["db"]
      },
      "minecraft:health": {
        "value": 99999,
        "max": 99999
      },
      "minecraft:movement": {
        "value": 0
      },
      "minecraft:pushable": {
        "is_pushable": false,
        "is_pushable_by_piston": false
      },
      "minecraft:collision_box": {
        "width": 0,
        "height": 0
      },
      "minecraft:physics": false,
      "minecraft:fire_immune": true,
      "minecraft:nameable": {},
      "minecraft:loot": ""
    }
  }
}
